Campaign,Ad Group,Keyword,Criterion Type,Final URL,Max CPC
Search - Free Tools,TikTok Transcript Tool,"""tiktok transcript""",Phrase,https://captapi.com/tools/tiktok-transcript,
Search - Free Tools,TikTok Transcript Tool,[tiktok transcript],Exact,https://captapi.com/tools/tiktok-transcript,
Search - Expansion Platforms,Spotify API,"""spotify api""",Phrase,https://captapi.com/apis/spotify-api,
Search - Expansion Platforms,Spotify API,[spotify api],Exact,https://captapi.com/apis/spotify-api,
Search - Core Platforms,Reddit API,"""reddit api""",Phrase,https://captapi.com/apis/reddit-api,
Search - Core Platforms,Reddit API,[reddit api],Exact,https://captapi.com/apis/reddit-api,
Search - Core Platforms,LinkedIn API,"""linkedin api""",Phrase,https://captapi.com/apis/linkedin-api,
Search - Core Platforms,LinkedIn API,[linkedin api],Exact,https://captapi.com/apis/linkedin-api,
Search - Expansion Platforms,GitHub API,"""github api""",Phrase,https://captapi.com/apis/github-api,
Search - Expansion Platforms,GitHub API,[github api],Exact,https://captapi.com/apis/github-api,
Search - Core Platforms,Instagram API,"""instagram api""",Phrase,https://captapi.com/apis/instagram-api,
Search - Core Platforms,Instagram API,[instagram api],Exact,https://captapi.com/apis/instagram-api,
Search - Core Platforms,Twitter X API,"""twitter api""",Phrase,https://captapi.com/apis/twitter-api,
Search - Core Platforms,Twitter X API,[twitter api],Exact,https://captapi.com/apis/twitter-api,
Search - Core Platforms,TikTok API,"""tiktok api""",Phrase,https://captapi.com/apis/tiktok-api,
Search - Core Platforms,TikTok API,[tiktok api],Exact,https://captapi.com/apis/tiktok-api,
Search - Free Tools,Instagram Transcript Tool,"""instagram transcript""",Phrase,https://captapi.com/tools/instagram-transcript,
Search - Free Tools,Instagram Transcript Tool,[instagram transcript],Exact,https://captapi.com/tools/instagram-transcript,
Search - Expansion Platforms,YouTube API,"""youtube data api""",Phrase,https://captapi.com/apis/youtube-api,
Search - Expansion Platforms,YouTube API,[youtube data api],Exact,https://captapi.com/apis/youtube-api,
Search - Free Tools,TikTok Transcript Tool,"""tiktok to transcript""",Phrase,https://captapi.com/tools/tiktok-transcript,
Search - Free Tools,TikTok Transcript Tool,[tiktok to transcript],Exact,https://captapi.com/tools/tiktok-transcript,
Search - Expansion Platforms,Pinterest API,"""pinterest api""",Phrase,https://captapi.com/apis/pinterest-api,
Search - Expansion Platforms,Pinterest API,[pinterest api],Exact,https://captapi.com/apis/pinterest-api,
Search - Expansion Platforms,Twitch API,"""twitch api""",Phrase,https://captapi.com/apis/twitch-api,
Search - Expansion Platforms,Twitch API,[twitch api],Exact,https://captapi.com/apis/twitch-api,
Search - Free Tools,TikTok Transcript Tool,"""tiktok video transcript""",Phrase,https://captapi.com/tools/tiktok-transcript,
Search - Free Tools,TikTok Transcript Tool,[tiktok video transcript],Exact,https://captapi.com/tools/tiktok-transcript,
Search - Free Tools,Instagram Transcript Tool,"""instagram reel transcript""",Phrase,https://captapi.com/tools/instagram-transcript,
Search - Free Tools,Instagram Transcript Tool,[instagram reel transcript],Exact,https://captapi.com/tools/instagram-transcript,
Search - Free Tools,TikTok Transcript Tool,"""transcribe tiktok video""",Phrase,https://captapi.com/tools/tiktok-transcript,
Search - Free Tools,TikTok Transcript Tool,[transcribe tiktok video],Exact,https://captapi.com/tools/tiktok-transcript,
Search - Expansion Platforms,SoundCloud API,"""soundcloud api""",Phrase,https://captapi.com/apis/soundcloud-api,
Search - Expansion Platforms,SoundCloud API,[soundcloud api],Exact,https://captapi.com/apis/soundcloud-api,
Search - Expansion Platforms,Bluesky API,"""bluesky api""",Phrase,https://captapi.com/apis/bluesky-api,
Search - Expansion Platforms,Bluesky API,[bluesky api],Exact,https://captapi.com/apis/bluesky-api,
Search - Expansion Platforms,Threads API,"""threads api""",Phrase,https://captapi.com/apis/threads-api,
Search - Expansion Platforms,Threads API,[threads api],Exact,https://captapi.com/apis/threads-api,
Search - Expansion Platforms,Snapchat API,"""snapchat api""",Phrase,https://captapi.com/apis/snapchat-api,
Search - Expansion Platforms,Snapchat API,[snapchat api],Exact,https://captapi.com/apis/snapchat-api,
Search - Expansion Platforms,TikTok Shop API,"""tiktok shop api""",Phrase,https://captapi.com/apis/tiktok-shop-api,
Search - Expansion Platforms,TikTok Shop API,[tiktok shop api],Exact,https://captapi.com/apis/tiktok-shop-api,
Search - Expansion Platforms,Truth Social API,"""truth social api""",Phrase,https://captapi.com/apis/truth-social-api,
Search - Expansion Platforms,Truth Social API,[truth social api],Exact,https://captapi.com/apis/truth-social-api,
Search - Free Tools,Instagram Transcript Tool,"""transcribe instagram reel""",Phrase,https://captapi.com/tools/instagram-transcript,
Search - Free Tools,Instagram Transcript Tool,[transcribe instagram reel],Exact,https://captapi.com/tools/instagram-transcript,
Search - Expansion Platforms,YouTube API,"""youtube analytics api""",Phrase,https://captapi.com/apis/youtube-api,
Search - Expansion Platforms,YouTube API,[youtube analytics api],Exact,https://captapi.com/apis/youtube-api,
Search - Core Platforms,Reddit API,"""reddit data api""",Phrase,https://captapi.com/apis/reddit-api,
Search - Core Platforms,Reddit API,[reddit data api],Exact,https://captapi.com/apis/reddit-api,
Search - Brand + Competitor,Competitor,"""socialkit""",Phrase,https://captapi.com/alternatives,
Search - Brand + Competitor,Competitor,[socialkit],Exact,https://captapi.com/alternatives,
Search - Brand + Competitor,Competitor,"""tikapi""",Phrase,https://captapi.com/alternatives,
Search - Brand + Competitor,Competitor,[tikapi],Exact,https://captapi.com/alternatives,
Search - Expansion Platforms,Ad Library API,"""facebook ad library api""",Phrase,https://captapi.com/apis/ad-library-api,
Search - Expansion Platforms,Ad Library API,[facebook ad library api],Exact,https://captapi.com/apis/ad-library-api,
Search - Brand + Competitor,Competitor,"""ensembledata""",Phrase,https://captapi.com/alternatives,
Search - Brand + Competitor,Competitor,[ensembledata],Exact,https://captapi.com/alternatives,
Search - Core Platforms,LinkedIn API,"""linkedin scraper api""",Phrase,https://captapi.com/apis/linkedin-api,
Search - Core Platforms,LinkedIn API,[linkedin scraper api],Exact,https://captapi.com/apis/linkedin-api,
Search - Core Platforms,Facebook API,"""facebook page api""",Phrase,https://captapi.com/apis/facebook-api,
Search - Core Platforms,Facebook API,[facebook page api],Exact,https://captapi.com/apis/facebook-api,
Search - Core Platforms,LinkedIn API,"""linkedin data api""",Phrase,https://captapi.com/apis/linkedin-api,
Search - Core Platforms,LinkedIn API,[linkedin data api],Exact,https://captapi.com/apis/linkedin-api,
Search - Core Platforms,LinkedIn API,"""linkedin profile api""",Phrase,https://captapi.com/apis/linkedin-api,
Search - Core Platforms,LinkedIn API,[linkedin profile api],Exact,https://captapi.com/apis/linkedin-api,
Search - Expansion Platforms,Rumble API,"""rumble api""",Phrase,https://captapi.com/apis/rumble-api,
Search - Expansion Platforms,Rumble API,[rumble api],Exact,https://captapi.com/apis/rumble-api,
Search - Expansion Platforms,YouTube API,"""youtube scraper api""",Phrase,https://captapi.com/apis/youtube-api,
Search - Expansion Platforms,YouTube API,[youtube scraper api],Exact,https://captapi.com/apis/youtube-api,
Search - Core Platforms,Instagram API,"""instagram reels api""",Phrase,https://captapi.com/apis/instagram-api,
Search - Core Platforms,Instagram API,[instagram reels api],Exact,https://captapi.com/apis/instagram-api,
Search - Core Platforms,Twitter X API,"""twitter scraper api""",Phrase,https://captapi.com/apis/twitter-api,
Search - Core Platforms,Twitter X API,[twitter scraper api],Exact,https://captapi.com/apis/twitter-api,
Search - Expansion Platforms,Bluesky API,"""bsky api""",Phrase,https://captapi.com/apis/bluesky-api,
Search - Expansion Platforms,Bluesky API,[bsky api],Exact,https://captapi.com/apis/bluesky-api,
Search - Expansion Platforms,YouTube API,"""youtube comments api""",Phrase,https://captapi.com/apis/youtube-api,
Search - Expansion Platforms,YouTube API,[youtube comments api],Exact,https://captapi.com/apis/youtube-api,
Search - Core Platforms,Instagram API,"""instagram scraper api""",Phrase,https://captapi.com/apis/instagram-api,
Search - Core Platforms,Instagram API,[instagram scraper api],Exact,https://captapi.com/apis/instagram-api,
Search - Core Platforms,LinkedIn API,"""linkedin analytics api""",Phrase,https://captapi.com/apis/linkedin-api,
Search - Core Platforms,LinkedIn API,[linkedin analytics api],Exact,https://captapi.com/apis/linkedin-api,
Search - Core Platforms,TikTok API,"""tiktok analytics api""",Phrase,https://captapi.com/apis/tiktok-api,
Search - Core Platforms,TikTok API,[tiktok analytics api],Exact,https://captapi.com/apis/tiktok-api,
Search - Core Platforms,TikTok API,"""tiktok data api""",Phrase,https://captapi.com/apis/tiktok-api,
Search - Core Platforms,TikTok API,[tiktok data api],Exact,https://captapi.com/apis/tiktok-api,
Search - Core Platforms,TikTok API,"""tiktok scraper api""",Phrase,https://captapi.com/apis/tiktok-api,
Search - Core Platforms,TikTok API,[tiktok scraper api],Exact,https://captapi.com/apis/tiktok-api,
Search - Expansion Platforms,Ad Library API,"""ad library api""",Phrase,https://captapi.com/apis/ad-library-api,
Search - Expansion Platforms,Ad Library API,[ad library api],Exact,https://captapi.com/apis/ad-library-api,
Search - Core Platforms,Facebook API,"""facebook scraper api""",Phrase,https://captapi.com/apis/facebook-api,
Search - Core Platforms,Facebook API,[facebook scraper api],Exact,https://captapi.com/apis/facebook-api,
Search - Core Platforms,Instagram API,"""instagram data api""",Phrase,https://captapi.com/apis/instagram-api,
Search - Core Platforms,Instagram API,[instagram data api],Exact,https://captapi.com/apis/instagram-api,
Search - Core Platforms,Reddit API,"""reddit scraper api""",Phrase,https://captapi.com/apis/reddit-api,
Search - Core Platforms,Reddit API,[reddit scraper api],Exact,https://captapi.com/apis/reddit-api,
Search - Core Platforms,Twitter X API,"""twitter data api""",Phrase,https://captapi.com/apis/twitter-api,
Search - Core Platforms,Twitter X API,[twitter data api],Exact,https://captapi.com/apis/twitter-api,
Search - Expansion Platforms,TikTok Shop API,"""tiktok shop scraper""",Phrase,https://captapi.com/apis/tiktok-shop-api,
Search - Expansion Platforms,TikTok Shop API,[tiktok shop scraper],Exact,https://captapi.com/apis/tiktok-shop-api,
Search - Core Platforms,Facebook API,"""facebook data api""",Phrase,https://captapi.com/apis/facebook-api,
Search - Core Platforms,Facebook API,[facebook data api],Exact,https://captapi.com/apis/facebook-api,
Search - Core Platforms,Facebook API,"""facebook video api""",Phrase,https://captapi.com/apis/facebook-api,
Search - Core Platforms,Facebook API,[facebook video api],Exact,https://captapi.com/apis/facebook-api,
Search - Core Platforms,Instagram API,"""instagram comments api""",Phrase,https://captapi.com/apis/instagram-api,
Search - Core Platforms,Instagram API,[instagram comments api],Exact,https://captapi.com/apis/instagram-api,
Search - Core Platforms,Instagram API,"""instagram profile api""",Phrase,https://captapi.com/apis/instagram-api,
Search - Core Platforms,Instagram API,[instagram profile api],Exact,https://captapi.com/apis/instagram-api,
Search - Core Platforms,TikTok API,"""tiktok comments api""",Phrase,https://captapi.com/apis/tiktok-api,
Search - Core Platforms,TikTok API,[tiktok comments api],Exact,https://captapi.com/apis/tiktok-api,
Search - Core Platforms,Twitter X API,"""twitter api alternative""",Phrase,https://captapi.com/apis/twitter-api,
Search - Core Platforms,Twitter X API,[twitter api alternative],Exact,https://captapi.com/apis/twitter-api,
Search - Free Tools,TikTok Transcript Tool,"""tiktok transcript api""",Phrase,https://captapi.com/tools/tiktok-transcript,
Search - Free Tools,TikTok Transcript Tool,[tiktok transcript api],Exact,https://captapi.com/tools/tiktok-transcript,
Search - Core Platforms,Facebook API,"""facebook comments api""",Phrase,https://captapi.com/apis/facebook-api,
Search - Core Platforms,Facebook API,[facebook comments api],Exact,https://captapi.com/apis/facebook-api,
Search - Core Platforms,Instagram API,"""instagram api without login""",Phrase,https://captapi.com/apis/instagram-api,
Search - Core Platforms,Instagram API,[instagram api without login],Exact,https://captapi.com/apis/instagram-api,
Search - Core Platforms,TikTok API,"""tiktok video api""",Phrase,https://captapi.com/apis/tiktok-api,
Search - Core Platforms,TikTok API,[tiktok video api],Exact,https://captapi.com/apis/tiktok-api,
Search - Core Platforms,Twitter X API,"""x api twitter""",Phrase,https://captapi.com/apis/twitter-api,
Search - Core Platforms,Twitter X API,[x api twitter],Exact,https://captapi.com/apis/twitter-api,
Search - Expansion Platforms,Ad Library API,"""linkedin ad library api""",Phrase,https://captapi.com/apis/ad-library-api,
Search - Expansion Platforms,Ad Library API,[linkedin ad library api],Exact,https://captapi.com/apis/ad-library-api,
Search - Brand + Competitor,Brand,"""capt api""",Phrase,https://captapi.com/,
Search - Brand + Competitor,Brand,[capt api],Exact,https://captapi.com/,
Search - Brand + Competitor,Brand,"""captapi""",Phrase,https://captapi.com/,
Search - Brand + Competitor,Brand,[captapi],Exact,https://captapi.com/,
Search - Brand + Competitor,Brand,"""captapi api""",Phrase,https://captapi.com/,
Search - Brand + Competitor,Brand,[captapi api],Exact,https://captapi.com/,
Search - Brand + Competitor,Brand,"""captapi pricing""",Phrase,https://captapi.com/,
Search - Brand + Competitor,Brand,[captapi pricing],Exact,https://captapi.com/,
Search - Brand + Competitor,Competitor,"""ensembledata alternative""",Phrase,https://captapi.com/alternatives,
Search - Brand + Competitor,Competitor,[ensembledata alternative],Exact,https://captapi.com/alternatives,
Search - Brand + Competitor,Competitor,"""scrapecreators""",Phrase,https://captapi.com/alternatives,
Search - Brand + Competitor,Competitor,[scrapecreators],Exact,https://captapi.com/alternatives,
Search - Brand + Competitor,Competitor,"""scrapecreators alternative""",Phrase,https://captapi.com/alternatives,
Search - Brand + Competitor,Competitor,[scrapecreators alternative],Exact,https://captapi.com/alternatives,
Search - Brand + Competitor,Competitor,"""tikapi alternative""",Phrase,https://captapi.com/alternatives,
Search - Brand + Competitor,Competitor,[tikapi alternative],Exact,https://captapi.com/alternatives,
Search - Core Platforms,Reddit API,"""reddit api alternative""",Phrase,https://captapi.com/apis/reddit-api,
Search - Core Platforms,Reddit API,[reddit api alternative],Exact,https://captapi.com/apis/reddit-api,
Search - Core Platforms,Reddit API,"""scrape reddit api""",Phrase,https://captapi.com/apis/reddit-api,
Search - Core Platforms,Reddit API,[scrape reddit api],Exact,https://captapi.com/apis/reddit-api,
Search - Core Platforms,TikTok API,"""tiktok profile api""",Phrase,https://captapi.com/apis/tiktok-api,
Search - Core Platforms,TikTok API,[tiktok profile api],Exact,https://captapi.com/apis/tiktok-api,
Search - Core Platforms,Twitter X API,"""tweet scraper api""",Phrase,https://captapi.com/apis/twitter-api,
Search - Core Platforms,Twitter X API,[tweet scraper api],Exact,https://captapi.com/apis/twitter-api,
Search - Expansion Platforms,Bluesky API,"""bluesky scraper api""",Phrase,https://captapi.com/apis/bluesky-api,
Search - Expansion Platforms,Bluesky API,[bluesky scraper api],Exact,https://captapi.com/apis/bluesky-api,
Search - Expansion Platforms,GitHub API,"""github scraper api""",Phrase,https://captapi.com/apis/github-api,
Search - Expansion Platforms,GitHub API,[github scraper api],Exact,https://captapi.com/apis/github-api,
Search - Expansion Platforms,Kick API,"""kick api streaming""",Phrase,https://captapi.com/apis/kick-api,
Search - Expansion Platforms,Kick API,[kick api streaming],Exact,https://captapi.com/apis/kick-api,
Search - Expansion Platforms,Linktree API,"""linktree scraper""",Phrase,https://captapi.com/apis/linktree-api,
Search - Expansion Platforms,Linktree API,[linktree scraper],Exact,https://captapi.com/apis/linktree-api,
Search - Expansion Platforms,Pinterest API,"""pinterest data api""",Phrase,https://captapi.com/apis/pinterest-api,
Search - Expansion Platforms,Pinterest API,[pinterest data api],Exact,https://captapi.com/apis/pinterest-api,
Search - Expansion Platforms,Rumble API,"""rumble scraper api""",Phrase,https://captapi.com/apis/rumble-api,
Search - Expansion Platforms,Rumble API,[rumble scraper api],Exact,https://captapi.com/apis/rumble-api,
Search - Expansion Platforms,Snapchat API,"""snapchat profile api""",Phrase,https://captapi.com/apis/snapchat-api,
Search - Expansion Platforms,Snapchat API,[snapchat profile api],Exact,https://captapi.com/apis/snapchat-api,
Search - Expansion Platforms,Snapchat API,"""snapchat scraper api""",Phrase,https://captapi.com/apis/snapchat-api,
Search - Expansion Platforms,Snapchat API,[snapchat scraper api],Exact,https://captapi.com/apis/snapchat-api,
Search - Expansion Platforms,SoundCloud API,"""soundcloud scraper api""",Phrase,https://captapi.com/apis/soundcloud-api,
Search - Expansion Platforms,SoundCloud API,[soundcloud scraper api],Exact,https://captapi.com/apis/soundcloud-api,
Search - Expansion Platforms,Spotify API,"""spotify scraper api""",Phrase,https://captapi.com/apis/spotify-api,
Search - Expansion Platforms,Spotify API,[spotify scraper api],Exact,https://captapi.com/apis/spotify-api,
Search - Expansion Platforms,Threads API,"""threads scraper api""",Phrase,https://captapi.com/apis/threads-api,
Search - Expansion Platforms,Threads API,[threads scraper api],Exact,https://captapi.com/apis/threads-api,
Search - Expansion Platforms,Twitch API,"""twitch scraper api""",Phrase,https://captapi.com/apis/twitch-api,
Search - Expansion Platforms,Twitch API,[twitch scraper api],Exact,https://captapi.com/apis/twitch-api,
